{"Stats":{"LanguageStats":{"ENGLISH":{"PuzzleCount":1,"HintsUsed":0,"ShortestTime":0.0,"LongestTime":0.0,"TotalTime":0.0},"HINDI":{"PuzzleCount":1,"HintsUsed":0,"ShortestTime":0.0,"LongestTime":0.0,"TotalTime":0.0},"MARATHI":{"PuzzleCount":1,"HintsUsed":0,"ShortestTime":0.0,"LongestTime":0.0,"TotalTime":0.0},"KANNADA":{"PuzzleCount":1,"HintsUsed":0,"ShortestTime":0.0,"LongestTime":0.0,"TotalTime":0.0},"TAMIL":{"PuzzleCount":640,"HintsUsed":77,"ShortestTime":3.0,"LongestTime":430.0,"TotalTime":13779.0},"TELUGU":{"PuzzleCount":1,"HintsUsed":0,"ShortestTime":0.0,"LongestTime":0.0,"TotalTime":0.0},"MALAYALAM":{"PuzzleCount":1,"HintsUsed":0,"ShortestTime":0.0,"LongestTime":0.0,"TotalTime":0.0},"BANGLA":{"PuzzleCount":1,"HintsUsed":0,"ShortestTime":0.0,"LongestTime":0.0,"TotalTime":0.0},"BANGLADESH":{"PuzzleCount":0,"HintsUsed":0,"ShortestTime":0.0,"LongestTime":0.0,"TotalTime":0.0},"GUJARATI":{"PuzzleCount":1,"HintsUsed":0,"ShortestTime":0.0,"LongestTime":0.0,"TotalTime":0.0},"ODIA":{"PuzzleCount":1,"HintsUsed":0,"ShortestTime":0.0,"LongestTime":0.0,"TotalTime":0.0}},"RushLanguageStats":{"ENGLISH":{"SessionCount":0,"BestScore":0,"WordCount":0,"HintsUsed":0,"ShortestTime":0.0,"LongestTime":0.0,"TotalTime":0.0},"HINDI":{"SessionCount":0,"BestScore":0,"WordCount":0,"HintsUsed":0,"ShortestTime":0.0,"LongestTime":0.0,"TotalTime":0.0},"MARATHI":{"SessionCount":0,"BestScore":0,"WordCount":0,"HintsUsed":0,"ShortestTime":0.0,"LongestTime":0.0,"TotalTime":0.0},"KANNADA":{"SessionCount":0,"BestScore":0,"WordCount":0,"HintsUsed":0,"ShortestTime":0.0,"LongestTime":0.0,"TotalTime":0.0},"TAMIL":{"SessionCount":2,"BestScore":20,"WordCount":0,"HintsUsed":0,"ShortestTime":10.0,"LongestTime":47.0,"TotalTime":57.0},"TELUGU":{"SessionCount":0,"BestScore":0,"WordCount":0,"HintsUsed":0,"ShortestTime":0.0,"LongestTime":0.0,"TotalTime":0.0},"MALAYALAM":{"SessionCount":0,"BestScore":0,"WordCount":0,"HintsUsed":0,"ShortestTime":0.0,"LongestTime":0.0,"TotalTime":0.0},"BANGLA":{"SessionCount":0,"BestScore":0,"WordCount":0,"HintsUsed":0,"ShortestTime":0.0,"LongestTime":0.0,"TotalTime":0.0},"BANGLADESH":{"SessionCount":0,"BestScore":0,"WordCount":0,"HintsUsed":0,"ShortestTime":0.0,"LongestTime":0.0,"TotalTime":0.0},"GUJARATI":{"SessionCount":0,"BestScore":0,"WordCount":0,"HintsUsed":0,"ShortestTime":0.0,"LongestTime":0.0,"TotalTime":0.0},"ODIA":{"SessionCount":0,"BestScore":0,"WordCount":0,"HintsUsed":0,"ShortestTime":0.0,"LongestTime":0.0,"TotalTime":0.0}},"StarsCount":1,"CoinsCount":689,"XPCount":0,"JackpotsWon":0,"MiniRollCount":1,"FreeHintCount":821,"TotalPuzzlePlayed":636,"TotalSessionPlayed":67,"TutorialChallenge":false,"TutorialClue":false,"TutorialAnswer":false}}